PubMed ID	Gene symbol	Disorder	Chr	Start	End	Ref	Mut	Mendelian inheritance	de novo（Y/N）	Homozygous/heterozygous	Sample ID	Sex	Nucleotide change	Phenotypes
25595217	ALDOB	Hereditary Fructose Intolerance	9	101429754	101429754	C	T	AR	N	Homozygous	ST		c.324+1G>A	Hepatomegaly|Liver dysfunction|Developmental delay|abnormal transferrin
23390136	ANK3	neurodevelopmental and psychiatric disorders	10	60069887	60069887	G	-	Autosomal recessive	N	Homozygous	V:1	F	c.10995delC	Speech delay|Intellectual disability|Hypotonia|spasticity|Hyperactivity|Agresiveness|Sleeping disorder
29150909	TMEM38B	osteogenesis imperfecta	9	105721993	105721993	T	-	AR	N	Homozygous	AN_005830	F	c.455-542del	Dentinogenesis imperfecta|Blue sclera
26185144	COQ4	Neonatal mitochondrial encephalomyopathy	9	128333565	128333565	C	T	Autosomal recessive	N	Homozygous	Proband 4	Female	c.718C>T	Respiratory distress|Hypotonia|Feeding difficulties|Hypertrophic cardiomyopathy|Increased serum lactate|Increased CSF lactate|EEG with burst suppression
24690360	CTDP1	Congenital Cataract Facial Dysmorphism and demyelinating Neuropathy (CCFDN) syndrome	18	79710825	79710825	C	T	Autosomal recessive	??	Homozygous	7	F	c.863+389C>T	Congenital cataract|Delayed walking|Delayed motor milestones|Abnormal gait|Mental disabilities|Demyelinating neuropathy
16044199	DHCR7	Smith–Lemli–Opitz syndrome	11	71435748	71435748	C	T	recessive	N	Homozygous	96003	M	c.1055G>A	Microcephaly|Distinctive facies|Cleft palate|Toe syndactyly
23666765	DNASE1L3	Hypocomplementemic Urticarial Vasculitis Syndrome	3	58205503	58205504	GT	-	recessive	N	homozygous	F1-IV-1	F	c.289_290delAC	Recurrent urticaria|Recurrent abdominal pain|Fatigue|Fever|arthralgia|Lymphadenopathy|Elevated circulating C-reactive protein|Glomerulonephritis|Elevated erythrocyte sedimentation rate|Anemia
20610155	DOK7	congenital myasthenic syndrome	4	3493110	3493113	TGCC	TGCCTGCC	Recessive	N	Homozygous	Individual 4 (B.III)	M	c.1124_1127dupTGCC	Gait difficulties|Ptosis|Proximal weakness
26349762	DUOX2	congenital hypothyroidism	15	45106225	45106225	C	A	Recessive	N	heterozygous	1	M	c.2048G>T	Transient congenital hypothyroidism|Short stature|High TSH
29410511	EED	Weaver syndrome	11	86268499	86268499	A	G	Recessive	N	Homozygous	Patient 3	F	c.904A>G	Developmental delay|intellectual disability|Hypotonia|Advanced bone age|Hoarse speech|Macrocephaly|Hypertelorism|Almond-shaped PF|Large ears|Prominent philtrum|long philtrum|Pointed chin|Retrognathia|Large hands|Large feet|Limbs anomalies| camptodactyly|joint contractures|Umbilical hernia|Cleft plate|Ophthalmological abnormalities|Hearing loss|Osteopenia|white matter lose |Hypoplasia of the corpus callosum
26942288	EMC1	Global Developmental Delay, Hypotonia, Scoliosis, and Cerebellar Atrophy	1	19220817	19220820	AAGG	-	Recessive inheritance	N	Homozygous	Family 1 A3	M	c.2619_2622delTCCT	Global developmental delay|Speech delay|Scoliosis|Truncal hypotonia|Increased tone in extremities|Diminished DTRs|Dystonic posturing|Cerebellar atrophy|Foreshortened corpus callosum|atrophic corpus callosum|Seizures|short upper lip|mild hypertelorism|Retrognathia|cortical visual impairment|aryngotracheomalacia|Imperforate anus
25376329	ERCC6	a Mild Cockayne Syndrome Phenotype	10	49483343	49483343	T	C	Recessive	N	Homozygous	III-3	F	c.1992+3A>G	Webbed neck|low posterior hairline| hirsutism| polycystic ovary syndrome; 46, XX|Brain MRI with minimal cerebellar atrophy and basal ganglia calcifications| Photosensitivity|facial freckling|dry skin and hair|lipoatrophy
19744229	EVC	Ellis-van Creveld (EVC) syndrome	4	5731657	5731657	G	A	AR	N	Homozygous	IV-2	M	c.617G>A	Postaxial polydactyly of hands|Short stature|Distal limb shortening|Short nails|Dysplastic nails|Hypodontia|Macroglossia
19064721	FERMT3	LAD-1/variant syndrome	11	64220649	64220649	C	T	Autosomal recessive	UK	Homozygous	5	UK	c.1525C>T	Hypertrophy|Developmental delay|intellectual disability|Hypotonia|Advanced bone age|Hoarse speech|Macrocephaly|Hypertelorism|Almond-shaped PF|Large ears|Prominent philtrum|long philtrum|Pointed chin|Retrognathia|Large hands|Large feet|Limbs anomalies| camptodactyly|joint contractures|Umbilical hernia|Cleft plate|Ophthalmological abnormalities|Hearing loss|Osteopenia
20358599	GALNT3	Familial Tumoral Calcinosis	2	165764895	165764895	G	-	AR	UK	Homozygous	3	UK	c.677delC	tumoral calcinosis| hyperostosis–hyperphosphatemia syndrome
12124727	HLCS	Holocarboxylase Synthetase Deficiency	21	36765170	36765170	G	A	Autosomal recessive	??	Homozygous	3.1	UK	c.1522C>T	Tachypnea|acidosis
30657911	INSR	Rabson– Mendenhall syndrome	19	7267646	7267646	G	C	AR	UN	Homozygous	4	F	c.351C>G	diabetes mellitus|Acanthosis nigricans|Short Stature|Dysmorphic Features|Nephrocalcinosis|Nephrolithiasis
25751111	LEPR	early-onset obesity	1	65618108	65618108	T	C	recessive	N	Homozygous	Family3/IV:2	Male	c.2357T>C	High BMI|Truncal obesity|Hypogonadism
18596884	LIM2	Autosomal Recessive Presenile Cataract	19	51380262	51380262	C	T	AR	N	Homozygous	IV:3	M	c.587G>A	Cataract|amblyopia|nystagmus
29528757	LRBA	Polyautoimmunity in Patients with LPS-Responsive  Beige-Like Anchor (LRBA) Deficiency	4	150831815	150831816	A	AA	Autosomal recessive	UK	UK	4	F	c.4729 + 2dupT	Immune thrombocytopenic purpura|Autoimmune hemolytic anemia|Autoantibodies|Splenomegaly|Hepatomegaly|Lymphadenopathy
23316014	MBTPS2	Ichthyosis Follicularis with Atrichia and Photophobia	X	21882618	21882618	A	G	X-linked recessive	N	Homozygous	18-II:2	Male	c.1523A>G	photophobia|Dry skin
25792360	MED25	eye–intellectual disability syndrome	19	49818457	49818457	A	G	Recessive	N	Homozygous	Patient 1 Family 1, II-5	F	c.116A>G	Ptosis|congenital cataract|amblyopia|Recurrent pneumonia|Hypospadias|Intellectual disability|Absent corpus callosum|dilated lateral and third brain ventricles|cerebral parenchymal atrophy
30953472	MYO15A	autosomal recessive  non-syndromic hearing loss	17	18146077	18146077	C	T	AR	UK	Homozygous	139,408	M	c.6479C>T	Hearing impairment|Abnormal auditory evoked potentials|Profound hearing impairment
24808020	NEU1	late-onset action myoclonus	6	31862151	31862151	C	A	Autosomal recessive	N	Homozygous	2	F	c.200G>T	intrauterine growth restriction|Neonatal hypotonia| Feeding difficulties|Respiratory distress at birth|Persistent pulmonary hypertension of the newborn|Psychomotor delay|Growth failure|Craniofacial dysmorphism|Ophthalmologic abnormalities
4746455	OTOF	sensorineural hearing loss	2	26479609	26479609	G	-	Recessive	N	Homozygous	Family 438:IV-9		c.1958delC	Prelingual hearing loss
23166001	PANK2	Pantothenate kinase-associated neurodegeneration	20	3907997	3907997	A	C	AR	N	Homozygous	PNK107-3	M	c.700A>C	Eye of the tiger anomaly of globus pallidus|Corticospinal sign|Parkinsonism|Mental impairment|Sleep disorder|Seizure
28093717	PNPLA1	autosomal recessive congenital ichthyosis	6	36291505	36291505	G	T	Autosomal recessive	N	Homozygous	P3	M	c.391G>T	Collodion baby|Fine lamellar ichthyosis|Mild erythroderma|hyperlinearity in soles|hyperlinearity in Palms|Palmoplantar keratoderma|Frequent itching
30386378	PAX6	variable inter-generational ocular expression of aniridia, iris coloboma, or microphthalmia	11	31793797	31793797	C	T	Recessive	N	Homozygous	1 I:1 (father)	M	c.771G>A	Complete aniridia|Nystagmus|Congenital cataracts|Glaucoma
30345601	PGAP3	Delineating the phenotypic spectrum of hyperphosphatasia  with mental retardation syndrome 4	17	39684709	39684709	G	A	AR	N	Homozygous	III-1	female	c.320C>T	Psychomotor delay|Intellectual disability|speech delay|behavior difficulties|Seizure|Facial dysmorphism|Muscular hypotonia|Megalocornea|elevated alkaline phosphatase
24389071	PHKG2	glycogen storage disease type IX (GSD IX)	16	30756277	30756277	G	T	Recessive		Homozygous	1	M	c.647+5G>T	Liver dysfunction|Hypoglycaemia|Hepatomegaly|Fasting ketosis|Mild muscle weakness|Bridging portal fibrosis|Delayed walking|Elevated hepatic transaminase|Increased serum triglycerides|High urine uric acid level|Lactic acidosis
17960343	PINK1	Early-Onset Parkinsonism	1	20639931	20639931	C	T	Autosomal recessive	UK	UK	2	F	c.715C>T	Right hand tremor| levodopa-induced dyskinesias|Motor fluctuations|Sleep benefit
23289980	PLEC	epidermolysis bullosa simplex (EBS)	8	143924570	143924570	G	A	recessive	N	homozygous	6	M	c.5770C>T	Reduced staining|Skin fragility|nail abnormalities|mild mucosal involvement|focal plantar hyperkeratosis|Moderate axial weakness
22554691	POMGNT1	Congenital muscular dystrophies	1	46196735	46196735	G	-	AR	N	Homozygous	2	M	c.350delC	Failure to thrive|global hypotonia|Poor head control|Postural control|Mental retardation|Myopia|cataracts|retinitis pigmentosa|High CK
24731844	POMGNT1	Muscle-Eye-Brain Disease	1	46189539	46189539	C	T	AR	UK	Homozygous	6B	F	c.1814G>A	Ventriculomegaly|White Matter Abnormalities|Cerebellar Cysts|Brainstem Hypoplasia|Cortical Dysplasia|Psychomotor Development retardation
16429407	PRG4	Camptodactyly-arthropathy-coxa vara-pericarditis	1	186308996	186308997	AA	-	AR	UN	Homozygous	P4A	female	c.3276_3277delAA	Progressive swollen joints|Painful joints|small joints contractures  
29770900	USB1	Poikiloderma with neutropenia	16	58017361	58017361	A	-	autosomal recessive	N	Homozygous	#32	male	c.531delA	Photosensitivity|Thin hair|Palmoplantar Hyperkeratosis|Nail dystrophy|Recurrent infections|Leukopenia|Neutropenia|Neutropenia
17945526	SAR1B	Anderson or chylomicron retention disease	5	134607010	134607010	A	T	Recessive	N	Homozygous	VI2	M	c.537T>A	Diarrhea|Vomiting
20015893	SEC23B	Congenital dyserythropoietic anemiastype II	20	18515695	18515695	G	A	UK	UK	Homozygous	7	UK	c.325G>A	Jaundice|Anemia
25342276	TULP1	congenital rod–cone dystrophy	6	35506101	35506101	G	A	recessive	N	homozygous	4	F	c.901C>T	Orthotropia|Vessel attenuation|Abnormal electroretinogram
29933018	SURF1	Leigh syndrome	9	133352445	133352445	C	T	Autosomal recessive	UK	Homozygous	7	F	c.751+1G>A	hypotonia|difficulty swallowing|movement disorder|malnutrition|Abnormality of the cerebral medulla 
28257693	TAF13	Intellectual Disability and Microcephaly	1	109075001	109075001	A	T	Recessive	N	Homozygous	Family 2 - V-3	F	c.92T>A	Developmental delay|Intellectual disability|delayed puberty|Delayed bone age|Microcephaly
24485043	TMEM70	nuclear ATP synthase deficiency	8	73979077	73979077	A	G	AR	N	Homozygous	Pt.4	M	c.317-2A>G	intrauterine growth restriction|Neonatal hypotonia| Feeding difficulties|Respiratory distress at birth|Intubation and Mechanical Ventilation|Persistent pulmonary hypertension of the newborn|Psychomotor delay|Growth failure|Craniofacial dysmorphism|Ophthalmologic abnormalities
20412111	UBE2A	X-linked mental retardation syndrome	X	119574923	119574923	G	A	X-linked recessive	N	hemizygous	Family reported by Nascimento et al. II:3	M	c.67G>A	Myxedematous appearance|Hirsuitism|Dry skin|Onychodystrophy|Abnormal hair whorls|Low posterior hairline|Short neck|Low posterior hairline|Widely spaced nipples|Almond-shaped eyes|Seizures|Micropeni|Wide mouth|Up-slanted palpebral issures|Severe speech impairment|Heavy eyebrows|synophris|prominent supraorbital ridges  
24526388	UPB1	β-ureidopropionase deficiency	22	24520406	24520406	G	A	recessive	N	heterologous	3	M	c.811G>A	Motor retardation|mental retardation
26813249	VPS13A	Chorea‐acanthocytosis (ChAc)	9	77260140	77260140	A	-	recessive	N	homozygous	FamilyI-Patient 3	F	c.2343del	Generalized tonic–clonic seizure|Complex partial seizure|Hyperkinetic movements|Dysarthria|Cognitive impairment|Psychiatric disturbances|Mild cerebral atrophy|Acanthocytosis
20414678	VSX2	Anophthalmia and microphthalmia（AM）	14	74259620	74259620	C	T	recessive	N	homozygous	case 5	M	c.598C>T	no perception of light|bilateral anophthalmia|small head circumference
27395765	WFS1	Wolfram Syndrome	4	6301089	6301089	C	G	autosomal recessive	N	Homozygous	4/1	male	c.1294C>G	Diabetes mellitus|optic atrophy|hearing loss|Psychiatric disturbances|Abnormality of the lower urinary tract
23143338	XPC	xeroderma pigmentosum	3	14158243	14158244	CA	-	Autosomal recessive	N	Homozygous	XP16	F	c.1643_1644delTG	Ocular symptoms|skin tumor|skin lesions|photophobia
24430573	YARS2	myopathy, lactic acidosis, and  sideroblastic anemia type 2 (MLASA2)	12	32747335	32747335	T	C	AR	UK	UK	Proband	M	c.1303A>G	Hypertrophic cardiomyopathy|renal tubulopathy|hypoglycemia|Anemia
23891469	ZMYND10	Primary ciliary dyskinesia	3	50345495	50345495	A	G	Recessive	N	Homozygous	Individual 4 (-)	no data	c.85T>C	situs inversus|infertility
